TIMESTAMP,METHOD,PATH,IP,HEADERS

2024-08-16T19:24:43.772Z,GET,/,127.0.0.1,"{""host"":""blahblahblah.tail11540.ts.net"",""x-forwarded-for"":""2604:a880:400:d0::2544:7001"",""x-forwarded-host"":""blahblahblah.tail11540.ts.net"",""x-forwarded-proto"":""https"",""accept-encoding"":""gzip""}"
2024-08-16T19:24:43.963Z,GET,/,127.0.0.1,"{""host"":""blahblahblah.tail11540.ts.net"",""x-forwarded-for"":""206.189.2.13"",""x-forwarded-host"":""blahblahblah.tail11540.ts.net"",""x-forwarded-proto"":""https"",""accept-encoding"":""gzip""}"
2024-08-16T19:24:44.184Z,GET,/,127.0.0.1,"{""host"":""blahblahblah.tail11540.ts.net"",""user-agent"":""Mozilla/5.0 (Linux; Android 6.0; HTC One M9 Build/MRA58K) AppleWebKit/537.36 (KHTML, like Gecko) Chrome/52.0.2743.98 Mobile Safari/537.3"",""x-forwarded-for"":""2604:a880:400:d0::2544:7001"",""x-forwarded-host"":""blahblahblah.tail11540.ts.net"",""x-forwarded-proto"":""https"",""accept-encoding"":""gzip""}"
2024-08-16T19:24:46.252Z,GET,/,127.0.0.1,"{""host"":""blahblahblah.tail11540.ts.net"",""user-agent"":""Mozilla/5.0 (Linux; Android 6.0; HTC One M9 Build/MRA078707) AppleWebKit/537.36 (KHTML, like Gecko) Chrome/52.0.3518.98 Mobile Safari/537.3"",""x-forwarded-for"":""206.189.2.13"",""x-forwarded-host"":""blahblahblah.tail11540.ts.net"",""x-forwarded-proto"":""https"",""accept-encoding"":""gzip""}"
2024-08-16T19:24:46.809Z,POST,/php-cgi/php-cgi.exe,127.0.0.1,"{""host"":""blahblahblah.tail11540.ts.net"",""user-agent"":""Go-http-client/1.1"",""content-length"":""164"",""accept-encoding"":""gzip"",""content-type"":""application/x-www-form-urlencoded"",""x-forwarded-for"":""206.189.2.13"",""x-forwarded-host"":""blahblahblah.tail11540.ts.net"",""x-forwarded-proto"":""https""}"
2024-08-16T19:24:47.307Z,GET,/server,127.0.0.1,"{""host"":""blahblahblah.tail11540.ts.net"",""user-agent"":""Go-http-client/1.1"",""accept-encoding"":""gzip"",""x-forwarded-for"":""206.189.2.13"",""x-forwarded-host"":""blahblahblah.tail11540.ts.net"",""x-forwarded-proto"":""https""}"
2024-08-16T19:24:47.801Z,GET,/.vscode/sftp.json,127.0.0.1,"{""host"":""blahblahblah.tail11540.ts.net"",""user-agent"":""Go-http-client/1.1"",""accept-encoding"":""gzip"",""x-forwarded-for"":""206.189.2.13"",""x-forwarded-host"":""blahblahblah.tail11540.ts.net"",""x-forwarded-proto"":""https""}"
2024-08-16T19:24:48.291Z,GET,/about,127.0.0.1,"{""host"":""blahblahblah.tail11540.ts.net"",""user-agent"":""Go-http-client/1.1"",""accept-encoding"":""gzip"",""x-forwarded-for"":""206.189.2.13"",""x-forwarded-host"":""blahblahblah.tail11540.ts.net"",""x-forwarded-proto"":""https""}"
2024-08-16T19:24:48.786Z,GET,/debug/default/view,127.0.0.1,"{""host"":""blahblahblah.tail11540.ts.net"",""user-agent"":""Go-http-client/1.1"",""accept-encoding"":""gzip"",""x-forwarded-for"":""206.189.2.13"",""x-forwarded-host"":""blahblahblah.tail11540.ts.net"",""x-forwarded-proto"":""https""}"
2024-08-16T19:24:49.250Z,GET,/v2/_catalog,127.0.0.1,"{""host"":""blahblahblah.tail11540.ts.net"",""user-agent"":""Go-http-client/1.1"",""accept"":""application/json"",""accept-encoding"":""gzip"",""x-forwarded-for"":""206.189.2.13"",""x-forwarded-host"":""blahblahblah.tail11540.ts.net"",""x-forwarded-proto"":""https""}"
2024-08-16T19:24:49.741Z,GET,/ecp/Current/exporttool/microsoft.exchange.ediscovery.exporttool.application,127.0.0.1,"{""host"":""blahblahblah.tail11540.ts.net"",""user-agent"":""Go-http-client/1.1"",""accept-encoding"":""gzip"",""x-forwarded-for"":""206.189.2.13"",""x-forwarded-host"":""blahblahblah.tail11540.ts.net"",""x-forwarded-proto"":""https""}"
2024-08-16T19:24:50.224Z,GET,/server-status,127.0.0.1,"{""host"":""blahblahblah.tail11540.ts.net"",""user-agent"":""Go-http-client/1.1"",""accept-encoding"":""gzip"",""x-forwarded-for"":""206.189.2.13"",""x-forwarded-host"":""blahblahblah.tail11540.ts.net"",""x-forwarded-proto"":""https""}"
2024-08-16T19:24:50.713Z,GET,/login.action,127.0.0.1,"{""host"":""blahblahblah.tail11540.ts.net"",""user-agent"":""Go-http-client/1.1"",""accept-encoding"":""gzip"",""x-forwarded-for"":""206.189.2.13"",""x-forwarded-host"":""blahblahblah.tail11540.ts.net"",""x-forwarded-proto"":""https""}"
2024-08-16T19:24:51.192Z,GET,/_all_dbs,127.0.0.1,"{""host"":""blahblahblah.tail11540.ts.net"",""user-agent"":""Mozilla/5.0 (l9scan/2.0.733313e2534313e2737313e2930323; +https://leakix.net)"",""accept-encoding"":""gzip"",""content-type"":""application/json"",""x-forwarded-for"":""206.189.2.13"",""x-forwarded-host"":""blahblahblah.tail11540.ts.net"",""x-forwarded-proto"":""https""}"
2024-08-16T19:24:51.657Z,GET,/.DS_Store,127.0.0.1,"{""host"":""blahblahblah.tail11540.ts.net"",""user-agent"":""Go-http-client/1.1"",""accept-encoding"":""gzip"",""x-forwarded-for"":""206.189.2.13"",""x-forwarded-host"":""blahblahblah.tail11540.ts.net"",""x-forwarded-proto"":""https""}"
2024-08-16T19:24:52.137Z,GET,/.env,127.0.0.1,"{""host"":""blahblahblah.tail11540.ts.net"",""user-agent"":""Go-http-client/1.1"",""accept-encoding"":""gzip"",""x-forwarded-for"":""206.189.2.13"",""x-forwarded-host"":""blahblahblah.tail11540.ts.net"",""x-forwarded-proto"":""https""}"
2024-08-16T19:24:52.608Z,GET,/.git/config,127.0.0.1,"{""host"":""blahblahblah.tail11540.ts.net"",""user-agent"":""Go-http-client/1.1"",""accept-encoding"":""gzip"",""x-forwarded-for"":""206.189.2.13"",""x-forwarded-host"":""blahblahblah.tail11540.ts.net"",""x-forwarded-proto"":""https""}"
2024-08-16T19:24:53.085Z,GET,/s/733313e2534313e2737313e2930323/_/;/META-INF/maven/com.atlassian.jira/jira-webapp-dist/pom.properties,127.0.0.1,"{""host"":""blahblahblah.tail11540.ts.net"",""user-agent"":""Go-http-client/1.1"",""accept-encoding"":""gzip"",""x-forwarded-for"":""206.189.2.13"",""x-forwarded-host"":""blahblahblah.tail11540.ts.net"",""x-forwarded-proto"":""https""}"
2024-08-16T19:24:53.549Z,GET,/config.json,127.0.0.1,"{""host"":""blahblahblah.tail11540.ts.net"",""user-agent"":""Go-http-client/1.1"",""accept-encoding"":""gzip"",""x-forwarded-for"":""206.189.2.13"",""x-forwarded-host"":""blahblahblah.tail11540.ts.net"",""x-forwarded-proto"":""https""}"
2024-08-16T19:24:54.034Z,GET,/telescope/requests,127.0.0.1,"{""host"":""blahblahblah.tail11540.ts.net"",""user-agent"":""Go-http-client/1.1"",""accept-encoding"":""gzip"",""x-forwarded-for"":""206.189.2.13"",""x-forwarded-host"":""blahblahblah.tail11540.ts.net"",""x-forwarded-proto"":""https""}"
2024-08-16T19:24:54.217Z,HEAD,/,127.0.0.1,"{""host"":""blahblahblah.tail11540.ts.net"",""user-agent"":""Mozilla/5.0 (Windows NT 10.0; Win64; x64) AppleWebKit/537.36 (KHTML, like Gecko) Chrome/108.0.0.0 Safari/537.36"",""accept"":""*/*"",""accept-encoding"":""gzip, deflate"",""x-forwarded-for"":""195.211.77.140"",""x-forwarded-host"":""blahblahblah.tail11540.ts.net"",""x-forwarded-proto"":""https""}"
2024-08-16T19:24:54.527Z,GET,/,127.0.0.1,"{""host"":""blahblahblah.tail11540.ts.net"",""user-agent"":""Go-http-client/1.1"",""accept-encoding"":""gzip"",""x-forwarded-for"":""206.189.2.13"",""x-forwarded-host"":""blahblahblah.tail11540.ts.net"",""x-forwarded-proto"":""https""}"
2024-08-16T19:25:18.381Z,GET,/,127.0.0.1,"{""host"":""blahblahblah.tail11540.ts.net"",""user-agent"":""Mozilla/5.0 (Windows NT 10.0; Win64; x64) AppleWebKit/537.36 (KHTML, like Gecko) Chrome/108.0.0.0 Safari/537.36"",""accept"":""*/*"",""accept-encoding"":""gzip, deflate"",""x-forwarded-for"":""195.211.77.142"",""x-forwarded-host"":""blahblahblah.tail11540.ts.net"",""x-forwarded-proto"":""https""}"
2024-08-16T19:25:35.863Z,GET,/,127.0.0.1,"{""host"":""blahblahblah.tail11540.ts.net"",""user-agent"":""Mozilla/5.0 (Windows NT 10.0; Win64; x64) AppleWebKit/537.36 (KHTML, like Gecko) Chrome/126.0.0.0 Safari/537.36"",""accept"":""*/*"",""x-forwarded-for"":""192.175.111.251"",""x-forwarded-host"":""blahblahblah.tail11540.ts.net"",""x-forwarded-proto"":""https"",""accept-encoding"":""gzip""}"
2024-08-16T19:25:36.394Z,GET,/,127.0.0.1,"{""host"":""blahblahblah.tail11540.ts.net"",""user-agent"":""Mozilla/5.0 (Windows NT 10.0; Win64; x64) AppleWebKit/537.36 (KHTML, like Gecko) Chrome/126.0.0.0 Safari/537.36"",""accept"":""*/*"",""x-forwarded-for"":""192.175.111.241"",""x-forwarded-host"":""blahblahblah.tail11540.ts.net"",""x-forwarded-proto"":""https"",""accept-encoding"":""gzip""}"
2024-08-16T19:25:37.490Z,GET,/favicon.ico,127.0.0.1,"{""host"":""blahblahblah.tail11540.ts.net"",""user-agent"":""Mozilla/5.0 (Windows NT 10.0; Win64; x64) AppleWebKit/537.36 (KHTML, like Gecko) Chrome/126.0.0.0 Safari/537.36"",""accept"":""*/*"",""x-forwarded-for"":""192.175.111.243"",""x-forwarded-host"":""blahblahblah.tail11540.ts.net"",""x-forwarded-proto"":""https"",""accept-encoding"":""gzip""}"
2024-08-16T19:25:38.911Z,GET,/,127.0.0.1,"{""host"":""blahblahblah.tail11540.ts.net"",""user-agent"":""Mozilla/5.0 (Windows NT 10.0; Win64; x64) AppleWebKit/537.36 (KHTML, like Gecko) Chrome/126.0.0.0 Safari/537.36"",""accept"":""*/*"",""x-forwarded-for"":""64.15.129.100"",""x-forwarded-host"":""blahblahblah.tail11540.ts.net"",""x-forwarded-proto"":""https"",""accept-encoding"":""gzip""}"
2024-08-16T19:25:39.239Z,GET,/,127.0.0.1,"{""host"":""blahblahblah.tail11540.ts.net"",""user-agent"":""Mozilla/5.0 (Windows NT 10.0; Win64; x64) AppleWebKit/537.36 (KHTML, like Gecko) Chrome/126.0.0.0 Safari/537.36"",""accept"":""*/*"",""x-forwarded-for"":""64.15.129.112"",""x-forwarded-host"":""blahblahblah.tail11540.ts.net"",""x-forwarded-proto"":""https"",""accept-encoding"":""gzip""}"
2024-08-16T19:25:46.057Z,GET,/,127.0.0.1,"{""host"":""blahblahblah.tail11540.ts.net"",""user-agent"":""Mozilla/5.0 (X11; Linux x86_64) AppleWebKit/537.36 (KHTML, like Gecko) HeadlessChrome/92.0.4515.159 Safari/537.36"",""accept"":""text/html,application/xhtml+xml,application/xml;q=0.9,image/avif,image/webp,image/apng,*/*;q=0.8,application/signed-exchange;v=b3;q=0.9"",""accept-encoding"":""gzip, deflate, br"",""cache-control"":""no-cache"",""pragma"":""no-cache"",""sec-fetch-dest"":""document"",""sec-fetch-mode"":""navigate"",""sec-fetch-site"":""none"",""sec-fetch-user"":""?1"",""upgrade-insecure-requests"":""1"",""x-forwarded-for"":""34.123.170.104"",""x-forwarded-host"":""blahblahblah.tail11540.ts.net"",""x-forwarded-proto"":""https""}"
2024-08-16T19:25:56.644Z,GET,/,127.0.0.1,"{""host"":""blahblahblah.tail11540.ts.net"",""user-agent"":""Mozilla/5.0 (Windows NT 6.1; Win64; x64) AppleWebKit/537.36 (KHTML, like Gecko) Chrome/83.0.4103.61 Safari/537.36"",""accept"":""text/html,application/xhtml+xml,application/xml;q=0.9,image/webp,image/apng,*/*;q=0.8,application/signed-exchange;v=b3;q=0.9"",""accept-encoding"":""gzip, deflate, br"",""accept-language"":""en-US"",""sec-fetch-dest"":""document"",""sec-fetch-mode"":""navigate"",""sec-fetch-site"":""same-origin"",""sec-fetch-user"":""?1"",""upgrade-insecure-requests"":""1"",""x-forwarded-for"":""205.169.39.243"",""x-forwarded-host"":""blahblahblah.tail11540.ts.net"",""x-forwarded-proto"":""https""}"
2024-08-16T19:25:58.127Z,GET,/,127.0.0.1,"{""host"":""blahblahblah.tail11540.ts.net"",""user-agent"":""Mozilla/5.0 (Windows NT 10.0; Win64; x64) AppleWebKit/537.36 (KHTML, like Gecko) Chrome/117.0.5938.132 Safari/537.36"",""accept"":""text/html,application/xhtml+xml,application/xml;q=0.9,image/avif,image/webp,image/apng,*/*;q=0.8,application/signed-exchange;v=b3;q=0.7"",""accept-encoding"":""gzip, deflate, br"",""cache-control"":""no-cache"",""pragma"":""no-cache"",""sec-fetch-dest"":""document"",""sec-fetch-mode"":""navigate"",""sec-fetch-site"":""none"",""sec-fetch-user"":""?1"",""upgrade-insecure-requests"":""1"",""x-forwarded-for"":""205.169.39.44"",""x-forwarded-host"":""blahblahblah.tail11540.ts.net"",""x-forwarded-proto"":""https""}"
2024-08-16T19:26:00.312Z,GET,/,127.0.0.1,"{""host"":""blahblahblah.tail11540.ts.net"",""user-agent"":""Mozilla/5.0 (Windows NT 10.0; Win64; x64) AppleWebKit/537.36 (KHTML, like Gecko) Chrome/79.0.3945.79 Safari/537.36"",""accept"":""text/html,application/xhtml+xml,application/xml;q=0.9,image/avif,image/webp,image/apng,*/*;q=0.8,application/signed-exchange;v=b3;q=0.9"",""accept-encoding"":""gzip, deflate, br"",""accept-language"":""en-US"",""sec-fetch-dest"":""document"",""sec-fetch-mode"":""navigate"",""sec-fetch-site"":""none"",""sec-fetch-user"":""?1"",""upgrade-insecure-requests"":""1"",""x-forwarded-for"":""205.169.39.243"",""x-forwarded-host"":""blahblahblah.tail11540.ts.net"",""x-forwarded-proto"":""https""}"
2024-08-16T19:26:27.381Z,GET,/,127.0.0.1,"{""host"":""blahblahblah.tail11540.ts.net"",""user-agent"":""Mozilla/5.0 (Macintosh; Intel Mac OS X 10_10_1) AppleWebKit/537.36 (KHTML, like Gecko) Chrome/37.0.2062.124 Safari/537.36"",""accept"":""*/*"",""accept-encoding"":""gzip, deflate"",""x-forwarded-for"":""34.136.174.55"",""x-forwarded-host"":""blahblahblah.tail11540.ts.net"",""x-forwarded-proto"":""https""}"
2024-08-16T19:26:31.881Z,GET,/,127.0.0.1,"{""host"":""blahblahblah.tail11540.ts.net"",""user-agent"":""Mozilla/5.0 (Windows NT 10.0; Win64; x64) AppleWebKit/537.36 (KHTML, like Gecko) Chrome/110.0.0.0 Safari/537.36"",""accept"":""text/html,application/xhtml+xml,application/xml;q=0.9,image/avif,image/webp,image/apng,*/*;q=0.8,application/signed-exchange;v=b3;q=0.7"",""accept-encoding"":""gzip, deflate, br"",""accept-language"":""en-US,en;q=0.9,de;q=0.8,fr;q=0.7,nl;q=0.6,lb;q=0.5,es;q=0.4,pt;q=0.3"",""cache-control"":""max-age=0"",""sec-ch-ua"":""\""Chromium\"";v=\""110\"", \""Not A(Brand\"";v=\""24\"", \""Google Chrome\"";v=\""110\"""",""sec-ch-ua-mobile"":""?0"",""sec-ch-ua-platform"":""\""Windows\"""",""sec-fetch-dest"":""document"",""sec-fetch-mode"":""navigate"",""sec-fetch-site"":""none"",""sec-fetch-user"":""?1"",""upgrade-insecure-requests"":""1"",""x-forwarded-for"":""146.70.132.154"",""x-forwarded-host"":""blahblahblah.tail11540.ts.net"",""x-forwarded-proto"":""https""}"
2024-08-16T19:26:32.355Z,GET,/favicon.ico,127.0.0.1,"{""host"":""blahblahblah.tail11540.ts.net"",""user-agent"":""Mozilla/5.0 (Windows NT 10.0; Win64; x64) AppleWebKit/537.36 (KHTML, like Gecko) Chrome/110.0.0.0 Safari/537.36"",""accept"":""text/html,application/xhtml+xml,application/xml;q=0.9,image/avif,image/webp,image/apng,*/*;q=0.8,application/signed-exchange;v=b3;q=0.7"",""accept-encoding"":""gzip, deflate, br"",""accept-language"":""en-US,en;q=0.9,de;q=0.8,fr;q=0.7,nl;q=0.6,lb;q=0.5,es;q=0.4,pt;q=0.3"",""cache-control"":""max-age=0"",""sec-ch-ua"":""\""Chromium\"";v=\""110\"", \""Not A(Brand\"";v=\""24\"", \""Google Chrome\"";v=\""110\"""",""sec-ch-ua-mobile"":""?0"",""sec-ch-ua-platform"":""\""Windows\"""",""sec-fetch-dest"":""document"",""sec-fetch-mode"":""navigate"",""sec-fetch-site"":""none"",""sec-fetch-user"":""?1"",""upgrade-insecure-requests"":""1"",""x-forwarded-for"":""146.70.132.154"",""x-forwarded-host"":""blahblahblah.tail11540.ts.net"",""x-forwarded-proto"":""https""}"
